Model,Accuracy,Precision,Recall,F1-score
Naive Bayes,0.5606060606060606,0.6692787150519912,0.5058586167404301,0.48946893281868653
SVM,0.6262626262626263,0.6508115191042021,0.6126640267101483,0.6224041948369216
IndoBERT,0.3282828282828283,0.2515806111696523,0.3544529854802392,0.2593166332917722
